Timestamp,Environment,Camera_Count,Resolution,Target_FPS,Motion_Factor,Total_CPU,Core0_CPU,Core1_CPU,Core2_CPU,Core3_CPU,RAM_Used_MB,SoC_Temp,CPU_Freq,Throttled_State,IO_Wait,Actual_FPS,Drops
2026-07-07 14:00:25,unknown,4,"640x480,640x480,640x480,640x480",30,0,85.3,90.6,85.8,81.7,82.2,3044.5,52.09,1800.0,throttled=0x0,2.8,0.0,4
2026-07-07 14:01:07,unknown,4,"640x480,640x480,640x480,640x480",30,0,8.2,9.7,8.1,8.0,7.2,2916.5,52.09,1800.0,throttled=0x0,0.1,0.0,8
2026-07-07 14:01:48,unknown,4,"640x480,640x480,640x480,640x480",30,0,8.2,9.5,8.4,8.6,6.2,2892.4,54.04,1800.0,throttled=0x0,0.0,0.0,12
2026-07-07 14:02:29,unknown,4,"640x480,640x480,640x480,640x480",30,0,6.6,7.9,6.7,5.3,6.4,2850.8,52.09,1800.0,throttled=0x0,0.1,0.0,16
2026-07-07 14:03:10,unknown,4,"640x480,640x480,640x480,640x480",30,0,6.3,7.4,6.0,6.1,5.6,2849.4,53.07,1800.0,throttled=0x0,0.2,0.0,20
2026-07-07 14:03:51,unknown,4,"640x480,640x480,640x480,640x480",30,0,24.5,27.0,22.8,23.7,24.5,2894.5,57.94,1800.0,throttled=0x0,0.1,0.0,24
2026-07-07 14:04:32,unknown,4,"640x480,640x480,640x480,640x480",30,0,49.7,58.3,45.4,49.6,45.7,3148.3,59.89,1800.0,throttled=0x0,0.1,0.0,28
2026-07-07 14:05:13,unknown,4,"640x480,640x480,640x480,640x480",30,0,67.0,67.3,64.3,79.8,56.5,3079.1,59.89,1800.0,throttled=0x0,0.4,0.0,32
2026-07-07 14:05:54,unknown,4,"640x480,640x480,640x480,640x480",30,0,36.6,35.8,50.8,32.8,27.1,3076.8,57.45,1800.0,throttled=0x0,0.2,0.0,36
2026-07-07 14:06:36,unknown,4,"640x480,640x480,640x480,640x480",30,0,28.3,31.4,34.0,23.3,24.6,2966.9,59.4,1800.0,throttled=0x0,0.2,0.0,40
2026-07-07 14:07:17,unknown,4,"640x480,640x480,640x480,640x480",30,0,41.2,44.0,31.5,42.9,46.6,3001.0,58.91,1800.0,throttled=0x0,0.3,0.0,44
2026-07-07 14:07:58,unknown,4,"640x480,640x480,640x480,640x480",30,0,36.4,39.1,35.0,46.3,25.1,2993.3,56.97,1800.0,throttled=0x0,0.1,0.0,48
2026-07-07 14:08:39,unknown,4,"640x480,640x480,640x480,640x480",30,0,20.1,22.5,19.6,19.3,19.2,3015.3,54.53,1800.0,throttled=0x0,0.3,0.0,52
2026-07-07 14:09:20,unknown,4,"640x480,640x480,640x480,640x480",30,0,15.7,20.1,14.6,13.9,14.5,3018.6,55.02,1800.0,throttled=0x0,0.0,0.0,56
2026-07-07 14:10:01,unknown,4,"640x480,640x480,640x480,640x480",30,0,15.2,18.4,14.1,13.9,14.6,3009.2,52.09,1800.0,throttled=0x0,0.0,0.0,60
2026-07-07 14:10:42,unknown,4,"640x480,640x480,640x480,640x480",30,0,7.4,9.3,6.9,6.3,7.2,2987.9,52.58,1800.0,throttled=0x0,0.0,0.0,64
2026-07-07 14:11:23,unknown,4,"640x480,640x480,640x480,640x480",30,0,5.2,7.2,4.1,5.5,4.3,2999.0,52.09,1800.0,throttled=0x0,0.0,0.0,68
2026-07-07 14:12:05,unknown,4,"640x480,640x480,640x480,640x480",30,0,7.0,9.6,6.0,6.5,6.1,3005.4,55.02,1800.0,throttled=0x0,0.3,0.0,72
2026-07-07 14:12:46,unknown,4,"640x480,640x480,640x480,640x480",30,0,28.7,33.0,26.2,29.9,25.7,3112.1,55.99,1800.0,throttled=0x0,2.4,0.0,76
2026-07-07 14:13:26,unknown,1,160x120,30,0,85.3,83.3,77.8,85.2,94.5,3025.8,58.91,1800.0,throttled=0x0,0.0,0,1
2026-07-07 14:13:27,unknown,1,160x120,30,0,31.8,34.8,29.3,28.3,35.0,3030.6,57.94,1800.0,throttled=0x0,0.0,0.0,2
2026-07-07 14:13:28,unknown,1,160x120,30,0,29.6,37.9,24.8,27.4,28.4,3037.6,56.48,1800.0,throttled=0x0,0.0,0.0,3
2026-07-07 14:13:29,unknown,1,160x120,30,0,28.5,31.3,48.5,14.6,21.2,3040.0,56.48,1800.0,throttled=0x0,0.0,0.0,4
2026-07-07 14:13:30,unknown,1,160x120,30,0,23.2,26.2,23.3,23.1,20.4,3037.4,55.99,1800.0,throttled=0x0,0.0,0.0,5
2026-07-07 14:13:31,unknown,1,160x120,30,0,26.1,26.5,26.4,26.2,26.4,3040.9,56.48,1800.0,throttled=0x0,0.2,0.0,6
2026-07-07 14:13:32,unknown,1,160x120,30,0,20.9,26.4,17.6,15.7,21.7,3038.6,56.97,1800.0,throttled=0x0,0.5,0.0,7
2026-07-07 14:13:33,unknown,1,160x120,30,0,46.2,48.0,44.1,46.5,46.7,3025.8,56.48,1800.0,throttled=0x0,0.0,0.0,8
2026-07-07 14:13:34,unknown,1,160x120,30,0,21.2,25.3,15.7,21.1,21.1,3024.7,57.94,1800.0,throttled=0x0,0.0,0.0,9
2026-07-07 14:13:35,unknown,1,160x120,30,0,21.2,27.5,22.1,16.3,20.6,3024.1,56.48,1800.0,throttled=0x0,0.0,0.0,10
2026-07-07 14:13:36,unknown,1,160x120,30,0,25.1,33.0,22.9,23.9,20.4,3025.0,56.48,1800.0,throttled=0x0,0.0,0.0,11
2026-07-07 14:13:37,unknown,1,160x120,30,0,21.5,31.4,18.3,15.7,19.6,3023.4,56.48,1800.0,throttled=0x0,0.2,0.0,12
2026-07-07 14:13:38,unknown,1,160x120,30,0,20.8,24.0,21.2,16.7,21.2,3022.4,55.5,1800.0,throttled=0x0,0.0,0.0,13
2026-07-07 14:13:39,unknown,1,160x120,30,0,19.6,20.4,20.2,16.8,21.9,3022.5,55.99,1800.0,throttled=0x0,0.0,0.0,14
2026-07-07 14:13:40,unknown,1,160x120,30,0,26.4,26.8,23.5,28.8,25.7,3020.4,56.48,1800.0,throttled=0x0,0.0,0.0,15
2026-07-07 14:13:42,unknown,1,160x120,30,0,26.7,36.9,18.9,27.2,24.0,3020.5,57.45,1800.0,throttled=0x0,0.0,0.0,16
2026-07-07 14:13:43,unknown,1,160x120,30,0,18.8,16.5,15.7,20.2,24.0,3019.5,55.99,1800.0,throttled=0x0,0.0,0.0,17
2026-07-07 14:13:44,unknown,1,160x120,30,0,21.2,20.8,19.8,21.9,20.8,3019.8,56.48,1800.0,throttled=0x0,0.0,0.0,18
2026-07-07 14:13:45,unknown,1,160x120,30,0,20.4,28.3,15.4,14.7,23.6,3019.0,56.97,1800.0,throttled=0x0,0.0,0.0,19
2026-07-07 14:13:46,unknown,1,160x120,30,0,27.9,37.4,24.3,26.2,24.8,3019.6,55.99,1800.0,throttled=0x0,0.0,0.0,20
2026-07-07 14:13:47,unknown,1,160x120,30,0,23.4,32.0,23.8,16.8,20.6,3019.3,55.99,1800.0,throttled=0x0,0.0,0.0,21
2026-07-07 14:13:48,unknown,1,160x120,30,0,29.5,41.0,26.2,24.8,24.8,3019.4,55.5,1800.0,throttled=0x0,1.2,0.0,22
2026-07-07 14:13:49,unknown,1,160x120,30,0,26.0,43.2,19.2,17.1,20.2,3019.8,56.48,1800.0,throttled=0x0,0.0,0.0,23
2026-07-07 14:13:50,unknown,1,160x120,30,0,22.1,27.4,18.6,22.1,19.8,3020.3,56.48,1800.0,throttled=0x0,0.0,0.0,24
2026-07-07 14:13:51,unknown,1,160x120,30,0,22.0,23.9,21.9,23.8,18.6,3020.8,56.97,1800.0,throttled=0x0,0.0,0.0,25
2026-07-07 14:13:52,unknown,1,160x120,30,0,20.4,28.6,17.3,17.5,18.9,3020.8,55.99,1800.0,throttled=0x0,0.0,0.0,26
2026-07-07 14:13:53,unknown,1,160x120,30,0,19.2,22.2,17.6,15.2,21.9,3021.0,56.48,1800.0,throttled=0x0,0.0,0.0,27
2026-07-07 14:13:54,unknown,1,160x120,30,0,17.9,18.8,17.1,16.2,19.6,3021.0,56.48,1800.0,throttled=0x0,0.0,0.0,28
2026-07-07 14:13:55,unknown,1,160x120,30,0,19.8,27.3,16.3,17.3,18.1,3021.1,56.97,1800.0,throttled=0x0,0.0,0.0,29
2026-07-07 14:13:56,unknown,1,160x120,30,0,26.7,28.6,22.6,29.1,25.9,3012.3,55.5,1800.0,throttled=0x0,0.0,0.0,30
2026-07-07 14:13:57,unknown,1,160x120,30,0,19.6,22.4,21.0,20.6,16.2,3013.0,55.99,1800.0,throttled=0x0,0.0,0.0,31
2026-07-07 14:13:58,unknown,1,160x120,30,0,18.7,17.5,18.4,20.8,18.1,3011.9,55.99,1800.0,throttled=0x0,0.0,0.0,32
2026-07-07 14:13:59,unknown,1,160x120,30,0,19.4,22.0,18.6,19.6,16.7,3011.6,55.99,1800.0,throttled=0x0,0.2,0.0,33
2026-07-07 14:14:01,unknown,1,160x120,30,0,26.0,30.4,23.4,25.7,24.3,3012.3,55.5,1800.0,throttled=0x0,0.0,0.0,34
2026-07-07 14:14:02,unknown,1,160x120,30,0,26.0,30.7,19.6,28.2,24.8,3012.2,56.48,1800.0,throttled=0x0,0.0,0.0,35
2026-07-07 14:14:03,unknown,1,160x120,30,0,20.3,23.1,31.1,13.5,15.2,3011.9,55.5,1800.0,throttled=0x0,0.0,0.0,36
2026-07-07 14:14:04,unknown,1,160x120,30,0,22.7,19.6,29.0,22.3,18.8,3016.6,55.5,1800.0,throttled=0x0,0.0,0.0,37
2026-07-07 14:14:05,unknown,1,160x120,30,0,24.4,23.7,33.0,20.2,21.6,3022.3,55.02,1800.0,throttled=0x0,0.0,0.0,38
2026-07-07 14:14:06,unknown,1,160x120,30,0,23.9,25.7,23.6,24.0,21.6,3024.7,55.02,1800.0,throttled=0x0,0.0,0.0,39
2026-07-07 14:14:07,unknown,1,160x120,30,0,21.1,24.7,18.6,22.9,18.6,3023.8,55.02,1800.0,throttled=0x0,0.0,0.0,40
2026-07-07 14:14:08,unknown,1,160x120,30,0,20.6,21.0,20.0,23.1,17.1,3023.5,56.48,1800.0,throttled=0x0,0.0,0.0,41
2026-07-07 14:14:09,unknown,1,160x120,30,0,18.5,22.9,13.6,23.5,16.0,3023.1,55.5,1800.0,throttled=0x0,0.0,0.0,42
2026-07-07 14:14:10,unknown,1,160x120,30,0,20.8,26.0,19.3,20.0,18.1,3023.4,55.5,1800.0,throttled=0x0,0.0,0.0,43
2026-07-07 14:14:11,unknown,1,160x120,30,0,22.4,22.8,19.0,22.9,23.5,3025.1,55.99,1800.0,throttled=0x0,0.0,0.0,44
2026-07-07 14:14:12,unknown,1,160x120,30,0,20.1,20.0,21.2,18.6,21.6,3025.2,55.02,1800.0,throttled=0x0,0.2,0.0,45
2026-07-07 14:14:13,unknown,1,160x120,30,0,19.7,19.0,22.5,17.1,20.4,3025.4,55.02,1800.0,throttled=0x0,0.0,0.0,46
2026-07-07 14:14:14,unknown,1,160x120,30,0,19.8,27.7,18.3,18.1,15.4,3025.7,55.5,1800.0,throttled=0x0,0.0,0.0,47
2026-07-07 14:14:15,unknown,1,160x120,30,0,22.1,28.2,17.6,20.4,22.8,3026.2,55.02,1800.0,throttled=0x0,0.0,0.0,48
2026-07-07 14:14:16,unknown,1,160x120,30,0,40.8,65.1,29.4,33.3,35.5,3027.5,55.99,1800.0,throttled=0x0,0.0,0.0,49
2026-07-07 14:14:18,unknown,1,160x120,30,0,31.3,46.6,24.8,24.3,24.1,3028.5,54.53,1100.0,throttled=0x0,0.0,0.0,50
2026-07-07 14:14:19,unknown,1,160x120,30,0,26.7,43.0,20.6,18.3,22.2,3028.4,55.99,1800.0,throttled=0x0,0.0,0.0,51
2026-07-07 14:14:20,unknown,1,160x120,30,0,18.9,17.7,23.8,14.7,20.0,3028.1,56.48,1800.0,throttled=0x0,0.0,0.0,52
2026-07-07 14:14:21,unknown,1,160x120,30,0,24.6,25.3,25.5,23.1,22.6,3029.3,56.48,1800.0,throttled=0x0,0.0,0.0,53
2026-07-07 14:14:22,unknown,1,160x120,30,0,21.1,24.5,18.3,22.6,19.8,3029.4,56.97,1800.0,throttled=0x0,0.0,0.0,54
2026-07-07 14:14:23,unknown,1,160x120,30,0,19.9,21.6,21.7,18.8,18.9,3029.1,55.5,1800.0,throttled=0x0,0.0,0.0,55
2026-07-07 14:14:24,unknown,1,160x120,30,0,19.2,26.3,14.6,16.8,18.9,3029.2,54.53,1800.0,throttled=0x0,0.0,0.0,56
2026-07-07 14:14:25,unknown,1,160x120,30,0,19.3,25.0,17.9,15.7,18.3,3029.6,55.5,1800.0,throttled=0x0,0.0,0.0,57
2026-07-07 14:14:26,unknown,1,160x120,30,0,20.7,17.7,21.4,24.5,19.4,3031.8,55.99,1800.0,throttled=0x0,0.0,0.0,58
2026-07-07 14:14:27,unknown,1,160x120,30,0,20.0,22.2,19.4,19.2,19.4,3031.4,56.48,1800.0,throttled=0x0,0.0,0.0,59
2026-07-07 14:14:28,unknown,1,160x120,30,0,25.4,32.4,24.0,24.1,21.5,3030.9,56.97,1800.0,throttled=0x0,0.0,0.0,60
2026-07-07 14:14:29,unknown,1,160x120,30,0,31.3,35.3,42.1,26.7,19.4,3030.9,55.5,1800.0,throttled=0x0,0.0,0.0,61
2026-07-07 14:14:30,unknown,1,160x120,30,0,20.0,22.0,18.3,19.6,20.2,3031.0,55.02,1800.0,throttled=0x0,0.0,0.0,62
2026-07-07 14:14:31,unknown,1,160x120,30,0,22.5,23.0,18.5,24.5,25.5,3031.4,55.5,1800.0,throttled=0x0,0.0,0.0,63
2026-07-07 14:14:32,unknown,1,160x120,30,0,19.4,23.8,20.6,17.6,15.5,3031.1,56.48,1800.0,throttled=0x0,0.0,0.0,64
2026-07-07 14:14:33,unknown,1,160x120,30,0,20.7,20.6,22.5,18.6,21.4,3020.1,55.02,1800.0,throttled=0x0,0.0,0.0,65
2026-07-07 14:14:35,unknown,1,160x120,30,0,19.7,23.8,20.0,15.7,19.2,3020.1,55.5,1800.0,throttled=0x0,0.2,0.0,66
2026-07-07 14:14:36,unknown,1,160x120,30,0,22.9,22.7,22.4,23.6,20.4,3020.3,55.99,1800.0,throttled=0x0,0.0,0.0,67
2026-07-07 14:14:37,unknown,1,160x120,30,0,20.5,19.8,21.4,17.6,23.3,3020.3,56.48,1800.0,throttled=0x0,0.0,0.0,68
2026-07-07 14:14:38,unknown,1,160x120,30,0,16.4,17.9,22.1,13.7,13.6,3020.3,56.48,1800.0,throttled=0x0,0.0,0.0,69
2026-07-07 14:14:39,unknown,1,160x120,30,0,20.0,20.6,24.0,12.9,23.1,3020.8,55.5,1800.0,throttled=0x0,0.0,0.0,70
2026-07-07 14:14:40,unknown,1,160x120,30,0,19.4,22.7,17.0,18.4,19.8,3020.7,55.02,1800.0,throttled=0x0,0.0,0.0,71
2026-07-07 14:14:41,unknown,1,160x120,30,0,20.9,26.5,17.5,21.2,18.0,3021.0,55.02,1800.0,throttled=0x0,0.0,0.0,72
2026-07-07 14:14:42,unknown,1,160x120,30,0,20.5,27.4,14.0,17.5,23.4,3021.1,55.5,1800.0,throttled=0x0,0.0,0.0,73
2026-07-07 14:14:43,unknown,1,160x120,30,0,20.2,23.5,18.3,18.4,21.2,3020.9,56.48,1800.0,throttled=0x0,0.0,0.0,74
2026-07-07 14:14:44,unknown,1,160x120,30,0,20.5,28.3,17.3,16.0,21.4,3022.2,56.97,1800.0,throttled=0x0,0.0,0.0,75
2026-07-07 14:14:45,unknown,1,160x120,30,0,19.4,32.4,10.8,15.0,17.5,3022.2,55.02,1800.0,throttled=0x0,0.0,0.0,76
2026-07-07 14:14:46,unknown,1,160x120,30,0,26.7,40.5,26.2,18.3,20.4,3023.2,55.02,1800.0,throttled=0x0,0.0,0.0,77
2026-07-07 14:14:47,unknown,1,160x120,30,0,26.9,41.9,19.4,17.6,24.5,3023.0,55.99,1800.0,throttled=0x0,0.0,0.0,78
2026-07-07 14:14:48,unknown,1,160x120,30,0,32.0,34.0,35.5,32.4,26.2,3024.8,56.48,1800.0,throttled=0x0,0.0,0.0,79
2026-07-07 14:14:49,unknown,1,160x120,30,0,29.1,27.6,26.7,35.8,27.2,3032.2,56.48,1800.0,throttled=0x0,0.0,0.0,80
2026-07-07 14:14:50,unknown,1,160x120,30,0,22.8,22.7,24.3,21.6,21.9,3033.4,55.5,1800.0,throttled=0x0,0.0,0.0,81
2026-07-07 14:14:51,unknown,1,160x120,30,0,22.3,25.5,21.9,24.1,18.1,3033.5,55.02,1800.0,throttled=0x0,0.0,0.0,82
2026-07-07 14:14:52,unknown,1,160x120,30,0,20.6,24.7,17.6,19.6,21.7,3033.4,55.99,1800.0,throttled=0x0,0.2,0.0,83
2026-07-07 14:14:54,unknown,1,160x120,30,0,18.3,22.4,13.7,20.0,16.5,3032.8,54.53,1800.0,throttled=0x0,0.0,0.0,84
2026-07-07 14:14:55,unknown,1,160x120,30,0,24.4,24.7,24.3,25.9,21.8,3032.4,55.02,1200.0,throttled=0x0,0.0,0.0,85
2026-07-07 14:14:56,unknown,1,160x120,30,0,26.2,33.3,23.6,20.8,26.7,3034.4,55.5,1800.0,throttled=0x0,0.0,0.0,86
2026-07-07 14:14:57,unknown,1,160x120,30,0,21.2,22.2,14.9,16.3,31.8,3033.8,55.5,1800.0,throttled=0x0,0.0,0.0,87
2026-07-07 14:14:58,unknown,1,160x120,30,0,20.3,22.8,23.6,17.3,17.6,3034.1,55.02,1800.0,throttled=0x0,0.0,0.0,88
2026-07-07 14:14:59,unknown,1,160x120,30,0,21.4,22.8,20.8,24.8,17.0,3034.0,54.53,1800.0,throttled=0x0,0.0,0.0,89
2026-07-07 14:15:00,unknown,1,160x120,30,0,22.8,27.6,22.1,21.6,18.8,3034.5,55.02,1800.0,throttled=0x0,0.0,0.0,90
2026-07-07 14:15:01,unknown,1,160x120,30,0,23.1,31.1,19.3,23.1,21.0,3034.7,55.5,1800.0,throttled=0x0,0.0,0.0,91
2026-07-07 14:15:02,unknown,1,160x120,30,0,18.7,24.0,13.7,21.5,15.2,3035.4,55.99,1800.0,throttled=0x0,0.0,0.0,92
2026-07-07 14:15:03,unknown,1,160x120,30,0,20.3,24.8,21.0,16.2,20.2,3035.3,55.5,1800.0,throttled=0x0,0.0,0.0,93
2026-07-07 14:15:04,unknown,1,160x120,30,0,19.8,22.4,18.9,14.7,21.9,3035.4,55.02,1800.0,throttled=0x0,0.2,0.0,94
2026-07-07 14:15:05,unknown,1,160x120,30,0,22.8,32.4,17.3,22.1,18.0,3035.6,54.53,1800.0,throttled=0x0,0.0,0.0,95
2026-07-07 14:15:06,unknown,1,160x120,30,0,25.3,26.7,20.2,27.8,27.4,3037.8,55.02,1800.0,throttled=0x0,0.0,0.0,96
2026-07-07 14:15:07,unknown,1,160x120,30,0,21.2,22.1,20.8,24.3,18.3,3038.1,55.02,1800.0,throttled=0x0,0.0,0.0,97
2026-07-07 14:15:08,unknown,1,160x120,30,0,19.7,16.3,18.4,22.6,20.0,3038.1,56.48,1800.0,throttled=0x0,0.0,0.0,98
2026-07-07 14:15:09,unknown,1,160x120,30,0,19.9,27.0,16.3,18.9,18.3,3037.8,55.02,1800.0,throttled=0x0,0.0,0.0,99
2026-07-07 14:15:10,unknown,1,160x120,30,0,24.1,32.7,19.6,26.2,18.8,3039.4,55.02,1800.0,throttled=0x0,0.0,0.0,100
2026-07-07 14:15:12,unknown,1,160x120,30,0,19.7,19.8,19.0,18.0,19.4,3039.6,55.99,1800.0,throttled=0x0,0.0,0.0,101
2026-07-07 14:15:13,unknown,1,160x120,30,0,19.8,21.6,22.1,18.4,18.4,3038.9,55.5,1800.0,throttled=0x0,0.0,0.0,102
2026-07-07 14:15:14,unknown,1,160x120,30,0,20.0,22.7,17.6,19.6,19.6,3038.9,55.02,1800.0,throttled=0x0,0.0,0.0,103
2026-07-07 14:15:15,unknown,1,160x120,30,0,23.0,33.0,16.0,25.7,18.1,3039.1,55.5,1800.0,throttled=0x0,0.0,0.0,104
2026-07-07 14:15:16,unknown,1,160x120,30,0,30.0,47.1,23.3,23.1,22.3,3044.4,55.5,1800.0,throttled=0x0,0.0,0.0,105
2026-07-07 14:15:17,unknown,1,160x120,30,0,25.5,40.2,22.2,18.9,18.6,3044.5,55.99,1800.0,throttled=0x0,0.0,0.0,106
2026-07-07 14:15:18,unknown,1,160x120,30,0,20.5,21.6,22.9,15.7,20.2,3032.6,55.5,1800.0,throttled=0x0,0.0,0.0,107
2026-07-07 14:15:19,unknown,1,160x120,30,0,18.3,20.2,14.0,17.1,21.2,3032.6,55.5,1800.0,throttled=0x0,0.0,0.0,108
2026-07-07 14:15:20,unknown,1,160x120,30,0,19.1,25.0,18.3,18.4,17.6,3032.7,56.48,1800.0,throttled=0x0,0.0,0.0,109
2026-07-07 14:15:21,unknown,1,160x120,30,0,23.4,23.5,22.1,24.8,21.7,3033.6,54.53,1800.0,throttled=0x0,0.2,0.0,110
2026-07-07 14:15:22,unknown,1,160x120,30,0,18.2,14.1,15.5,26.4,17.5,3033.7,55.02,1800.0,throttled=0x0,0.0,0.0,111
2026-07-07 14:15:23,unknown,1,160x120,30,0,18.9,23.0,15.7,21.2,14.9,3033.9,53.56,1800.0,throttled=0x0,0.0,0.0,112
2026-07-07 14:15:24,unknown,1,160x120,30,0,19.7,21.4,19.2,24.5,14.9,3033.8,55.5,1800.0,throttled=0x0,0.0,0.0,113
2026-07-07 14:15:25,unknown,1,160x120,30,0,21.0,24.0,21.4,17.8,20.0,3033.6,55.5,1800.0,throttled=0x0,0.0,0.0,114
2026-07-07 14:15:26,unknown,1,160x120,30,0,24.5,32.4,18.4,19.8,25.7,3034.5,54.53,1800.0,throttled=0x0,0.0,0.0,115
2026-07-07 14:15:27,unknown,1,160x120,30,0,20.9,29.1,18.7,21.2,14.7,3034.4,55.5,1800.0,throttled=0x0,0.0,0.0,116
2026-07-07 14:15:28,unknown,1,160x120,30,0,24.5,27.9,26.0,21.4,23.5,3034.2,55.02,1800.0,throttled=0x0,0.0,0.0,117
2026-07-07 14:15:29,unknown,1,160x120,30,0,25.8,26.5,21.9,31.8,23.6,3034.5,55.99,1800.0,throttled=0x0,0.0,0.0,118
2026-07-07 14:15:30,unknown,1,160x120,30,0,22.8,27.3,18.4,25.0,19.2,3035.4,55.5,1800.0,throttled=0x0,1.2,0.0,119
2026-07-07 14:15:32,unknown,1,160x120,30,0,20.5,21.1,20.2,21.4,19.6,3035.3,55.5,1800.0,throttled=0x0,2.2,0.0,120
2026-07-07 14:15:33,unknown,1,160x120,30,0,19.6,22.8,12.1,18.4,23.8,3035.5,55.02,1800.0,throttled=0x0,0.0,0.0,121
2026-07-07 14:15:34,unknown,1,160x120,30,0,18.9,20.2,23.1,17.3,17.3,3035.5,55.5,1800.0,throttled=0x0,0.0,0.0,122
2026-07-07 14:15:35,unknown,1,160x120,30,0,20.7,26.8,16.5,16.8,21.9,3035.0,55.99,1800.0,throttled=0x0,0.0,0.0,123
2026-07-07 14:15:36,unknown,1,160x120,30,0,23.6,26.8,27.1,21.8,18.8,3036.0,55.02,1800.0,throttled=0x0,0.0,0.0,124
2026-07-07 14:15:37,unknown,1,160x120,30,0,25.5,28.0,24.0,20.6,29.5,3036.9,54.04,1800.0,throttled=0x0,2.0,0.0,125
2026-07-07 14:15:38,unknown,1,160x120,30,0,18.3,16.7,19.6,21.6,17.5,3036.9,55.99,1800.0,throttled=0x0,0.0,0.0,126
2026-07-07 14:15:39,unknown,1,160x120,30,0,18.5,21.0,17.8,20.0,14.4,3037.1,56.48,1800.0,throttled=0x0,0.0,0.0,127
2026-07-07 14:15:40,unknown,1,160x120,30,0,19.0,15.6,21.4,16.7,21.7,3037.1,55.02,1800.0,throttled=0x0,0.0,0.0,128
2026-07-07 14:15:41,unknown,1,160x120,30,0,24.0,32.3,23.8,18.1,22.8,3041.7,54.53,1800.0,throttled=0x0,0.0,0.0,129
2026-07-07 14:15:42,unknown,1,160x120,30,0,29.9,32.7,25.2,31.1,30.2,3048.7,55.02,1800.0,throttled=0x0,0.0,0.0,130
2026-07-07 14:15:43,unknown,1,160x120,30,0,21.7,25.7,15.7,21.2,23.3,3048.7,55.5,1800.0,throttled=0x0,0.0,0.0,131
2026-07-07 14:15:44,unknown,1,160x120,30,0,22.8,36.5,17.9,23.3,12.7,3049.2,55.02,1800.0,throttled=0x0,0.0,0.0,132
2026-07-07 14:15:45,unknown,1,160x120,30,0,25.1,39.8,17.2,21.7,17.3,3049.4,55.02,1800.0,throttled=0x0,0.0,0.0,133
2026-07-07 14:15:46,unknown,1,160x120,30,0,26.0,37.4,25.0,18.4,24.0,3052.4,55.99,1800.0,throttled=0x0,0.0,0.0,134
2026-07-07 14:15:47,unknown,1,160x120,30,0,26.1,25.0,22.8,25.2,29.2,3052.6,55.5,1800.0,throttled=0x0,0.0,0.0,135
2026-07-07 14:15:48,unknown,1,160x120,30,0,23.3,29.0,24.3,16.5,23.9,3053.3,55.99,1800.0,throttled=0x0,0.2,0.0,136
2026-07-07 14:15:49,unknown,1,160x120,30,0,18.9,23.4,19.0,17.6,17.0,3053.8,54.53,1800.0,throttled=0x0,0.0,0.0,137
2026-07-07 14:15:51,unknown,1,160x120,30,0,22.8,28.3,18.6,21.6,22.6,3055.7,55.5,1800.0,throttled=0x0,0.0,0.0,138
2026-07-07 14:15:52,unknown,1,160x120,30,0,19.9,29.9,19.8,13.5,16.3,3055.7,54.53,1800.0,throttled=0x0,0.0,0.0,139
2026-07-07 14:15:53,unknown,1,160x120,30,0,21.1,22.4,26.4,19.4,17.5,3055.5,55.5,1800.0,throttled=0x0,0.0,0.0,140
2026-07-07 14:15:54,unknown,1,160x120,30,0,21.0,20.8,18.7,21.0,22.6,3055.2,55.5,1800.0,throttled=0x0,0.0,0.0,141
2026-07-07 14:15:55,unknown,1,160x120,30,0,19.8,20.6,18.1,19.2,20.6,3055.1,55.02,1800.0,throttled=0x0,2.2,0.0,142
2026-07-07 14:15:56,unknown,1,160x120,30,0,21.8,29.7,18.4,21.0,19.2,3056.8,55.5,1800.0,throttled=0x0,0.0,0.0,143
2026-07-07 14:15:57,unknown,1,160x120,30,0,20.9,27.7,17.6,19.2,18.3,3057.5,55.5,1800.0,throttled=0x0,0.0,0.0,144
2026-07-07 14:15:58,unknown,1,160x120,30,0,22.2,30.4,21.2,17.3,20.8,3057.2,55.99,1800.0,throttled=0x0,0.0,0.0,145
2026-07-07 14:15:59,unknown,1,160x120,30,0,22.5,29.0,16.2,22.9,22.6,3057.2,55.99,1800.0,throttled=0x0,0.0,0.0,146
2026-07-07 14:16:00,unknown,1,160x120,30,0,20.8,27.3,20.0,16.3,17.5,3057.2,55.02,1800.0,throttled=0x0,0.0,0.0,147
2026-07-07 14:16:01,unknown,1,160x120,30,0,22.4,22.1,19.2,29.2,19.8,3058.6,55.02,1800.0,throttled=0x0,0.2,0.0,148
2026-07-07 14:16:02,unknown,1,160x120,30,0,20.0,24.5,19.2,18.4,19.8,3057.8,55.5,1800.0,throttled=0x0,0.0,0.0,149
2026-07-07 14:16:03,unknown,1,160x120,30,0,22.3,29.4,16.8,23.8,17.6,3057.5,55.5,1800.0,throttled=0x0,0.0,0.0,150
2026-07-07 14:16:04,unknown,1,160x120,30,0,22.5,21.4,16.7,31.2,20.4,3057.8,55.02,1800.0,throttled=0x0,0.0,0.0,151
2026-07-07 14:16:05,unknown,1,160x120,30,0,21.8,21.9,21.4,26.7,17.5,3059.0,55.02,1800.0,throttled=0x0,0.0,0.0,152
2026-07-07 14:16:06,unknown,1,160x120,30,0,23.1,25.0,21.7,24.8,21.7,3059.5,54.53,1800.0,throttled=0x0,0.0,0.0,153
2026-07-07 14:16:07,unknown,1,160x120,30,0,20.1,15.6,19.8,21.7,23.8,3059.7,54.53,1800.0,throttled=0x0,0.0,0.0,154
2026-07-07 14:16:09,unknown,1,160x120,30,0,22.4,26.8,17.8,23.6,21.2,3059.7,55.02,1800.0,throttled=0x0,0.0,0.0,155
2026-07-07 14:16:10,unknown,1,160x120,30,0,49.8,59.4,42.9,52.7,43.0,3033.7,55.5,1800.0,throttled=0x0,0.0,0.0,156
2026-07-07 14:16:11,unknown,1,160x120,30,0,26.2,28.6,34.3,19.8,23.1,3022.6,55.02,1800.0,throttled=0x0,0.0,0.0,157
2026-07-07 14:16:12,unknown,1,160x120,30,0,19.5,29.1,15.7,18.9,14.0,3023.0,55.02,1800.0,throttled=0x0,0.0,0.0,158
2026-07-07 14:16:13,unknown,1,160x120,30,0,20.7,31.2,14.4,18.4,18.7,3020.7,54.04,1800.0,throttled=0x0,0.2,0.0,159
2026-07-07 14:16:14,unknown,1,160x120,30,0,26.6,43.5,17.1,23.8,16.2,3020.3,54.53,1800.0,throttled=0x0,0.0,0.0,160
2026-07-07 14:16:15,unknown,1,160x120,30,0,23.8,37.3,18.7,16.0,20.2,3020.3,55.5,1800.0,throttled=0x0,0.0,0.0,161
2026-07-07 14:16:16,unknown,1,160x120,30,0,21.5,27.8,16.3,21.9,21.7,3020.6,55.99,1800.0,throttled=0x0,0.0,0.0,162
2026-07-07 14:16:17,unknown,1,160x120,30,0,18.0,19.1,16.3,21.2,16.3,3020.8,56.48,1800.0,throttled=0x0,0.0,0.0,163
2026-07-07 14:16:18,unknown,1,160x120,30,0,19.9,21.4,24.0,16.8,19.0,3020.9,55.5,1800.0,throttled=0x0,0.0,0.0,164
2026-07-07 14:16:19,unknown,1,160x120,30,0,21.2,23.7,21.4,17.3,18.6,3020.8,55.5,1800.0,throttled=0x0,0.0,0.0,165
2026-07-07 14:16:20,unknown,1,160x120,30,0,19.6,26.7,17.8,20.4,15.5,3020.8,54.53,1800.0,throttled=0x0,0.0,0.0,166
2026-07-07 14:16:21,unknown,1,160x120,30,0,24.6,25.5,25.5,22.9,24.3,3020.8,55.02,1800.0,throttled=0x0,0.0,0.0,167
2026-07-07 14:16:22,unknown,1,160x120,30,0,20.2,25.5,20.6,16.3,17.3,3020.9,55.5,1800.0,throttled=0x0,0.0,0.0,168
2026-07-07 14:16:23,unknown,1,160x120,30,0,19.0,18.4,21.7,22.3,14.0,3020.9,55.5,1800.0,throttled=0x0,0.0,0.0,169
2026-07-07 14:16:24,unknown,1,160x120,30,0,21.0,26.5,20.2,15.2,23.1,3020.9,55.5,1200.0,throttled=0x0,0.2,0.0,170
2026-07-07 14:16:25,unknown,1,160x120,30,0,23.4,30.5,21.2,22.3,19.8,3022.0,54.53,1800.0,throttled=0x0,0.0,0.0,171
2026-07-07 14:16:27,unknown,1,160x120,30,0,20.0,27.7,15.5,19.8,15.4,3022.2,55.02,1800.0,throttled=0x0,0.0,0.0,172
2026-07-07 14:16:28,unknown,1,160x120,30,0,18.4,20.4,21.2,15.5,17.3,3021.9,55.99,1800.0,throttled=0x0,0.0,0.0,173
2026-07-07 14:16:29,unknown,1,160x120,30,0,32.7,33.0,27.9,44.8,25.5,3021.5,55.99,1800.0,throttled=0x0,0.0,0.0,174
2026-07-07 14:16:30,unknown,1,160x120,30,0,20.9,24.7,26.9,14.6,15.7,3021.5,54.04,1100.0,throttled=0x0,0.0,0.0,175
2026-07-07 14:16:31,unknown,1,160x120,30,0,24.2,31.1,24.5,20.6,21.5,3021.5,55.99,1800.0,throttled=0x0,0.0,0.0,176
2026-07-07 14:16:32,unknown,1,160x120,30,0,19.7,21.9,18.4,16.7,22.9,3021.8,55.99,1800.0,throttled=0x0,0.0,0.0,177
2026-07-07 14:16:33,unknown,1,160x120,30,0,25.6,29.9,19.4,26.4,27.6,3022.7,55.99,1800.0,throttled=0x0,0.0,0.0,178
2026-07-07 14:16:34,unknown,1,160x120,30,0,27.8,33.3,26.5,26.7,24.8,3031.1,56.97,1800.0,throttled=0x0,0.0,0.0,179
2026-07-07 14:16:35,unknown,1,160x120,30,0,22.1,23.2,24.5,18.0,21.0,3031.4,55.5,1800.0,throttled=0x0,0.0,0.0,180
2026-07-07 14:16:36,unknown,1,160x120,30,0,25.6,33.0,22.4,23.4,25.9,3032.9,55.99,1800.0,throttled=0x0,0.0,0.0,181
2026-07-07 14:16:37,unknown,1,160x120,30,0,23.2,29.3,20.4,19.4,23.4,3032.2,55.02,1800.0,throttled=0x0,0.0,0.0,182
2026-07-07 14:16:38,unknown,1,160x120,30,0,20.6,21.4,20.2,18.4,21.0,3032.2,55.99,1800.0,throttled=0x0,0.2,0.0,183
2026-07-07 14:16:39,unknown,1,160x120,30,0,19.7,18.8,17.0,21.7,21.7,3032.0,55.02,1800.0,throttled=0x0,0.0,0.0,184
2026-07-07 14:16:40,unknown,1,160x120,30,0,25.4,26.7,24.0,29.4,22.3,3032.2,55.02,1800.0,throttled=0x0,0.7,0.0,185
2026-07-07 14:16:41,unknown,1,160x120,30,0,27.1,32.4,21.7,30.8,23.1,3032.6,56.48,1800.0,throttled=0x0,0.0,0.0,186
2026-07-07 14:16:42,unknown,1,160x120,30,0,23.1,33.9,17.3,21.0,17.8,3032.1,55.99,1800.0,throttled=0x0,0.0,0.0,187
2026-07-07 14:16:44,unknown,1,160x120,30,0,29.7,45.7,22.1,21.9,27.2,3032.5,55.5,1800.0,throttled=0x0,0.0,0.0,188
2026-07-07 14:16:45,unknown,1,160x120,30,0,22.5,27.8,18.1,19.0,25.0,3032.5,55.99,1800.0,throttled=0x0,0.0,0.0,189
2026-07-07 14:16:46,unknown,1,160x120,30,0,26.1,25.5,30.4,21.6,25.0,3033.4,55.02,1800.0,throttled=0x0,0.0,0.0,190
2026-07-07 14:16:47,unknown,1,160x120,30,0,27.4,35.0,21.2,28.0,28.2,3033.9,55.99,1800.0,throttled=0x0,0.0,0.0,191
2026-07-07 14:16:48,unknown,1,160x120,30,0,24.9,29.3,22.6,25.2,21.9,3033.9,56.48,1800.0,throttled=0x0,0.0,0.0,192
2026-07-07 14:16:49,unknown,1,160x120,30,0,23.5,26.8,23.5,19.4,23.6,3034.4,55.99,1800.0,throttled=0x0,0.0,0.0,193
2026-07-07 14:16:50,unknown,1,160x120,30,0,19.5,20.8,22.8,18.1,17.8,3034.8,55.5,1800.0,throttled=0x0,0.0,0.0,194
2026-07-07 14:16:51,unknown,1,160x120,30,0,26.0,29.6,24.8,17.0,31.8,3037.7,54.53,1200.0,throttled=0x0,0.0,0.0,195
2026-07-07 14:16:52,unknown,1,160x120,30,0,22.2,26.9,21.3,17.4,23.6,3037.7,55.5,1800.0,throttled=0x0,0.0,0.0,196
2026-07-07 14:16:53,unknown,1,160x120,30,0,22.3,26.5,24.0,21.2,18.4,3037.7,56.48,1800.0,throttled=0x0,0.0,0.0,197
2026-07-07 14:16:54,unknown,1,160x120,30,0,22.2,25.7,22.4,21.0,18.8,3038.0,55.5,1800.0,throttled=0x0,0.0,0.0,198
2026-07-07 14:16:55,unknown,1,160x120,30,0,21.3,30.5,21.7,16.3,17.3,3038.2,55.99,1800.0,throttled=0x0,0.0,0.0,199
2026-07-07 14:16:56,unknown,1,160x120,30,0,28.7,30.8,28.4,21.2,34.3,3041.2,55.99,1800.0,throttled=0x0,0.0,0.0,200
2026-07-07 14:16:57,unknown,1,160x120,30,0,22.5,26.8,25.0,16.0,20.6,3040.9,55.02,1800.0,throttled=0x0,0.0,0.0,201
2026-07-07 14:16:58,unknown,1,160x120,30,0,21.4,25.7,21.7,18.8,20.4,3040.9,56.97,1800.0,throttled=0x0,0.2,0.0,202
2026-07-07 14:16:59,unknown,1,160x120,30,0,18.5,23.5,15.0,19.4,15.7,3040.9,55.02,1800.0,throttled=0x0,0.0,0.0,203
2026-07-07 14:17:00,unknown,1,160x120,30,0,25.5,27.2,23.2,23.1,26.2,3043.9,56.48,1800.0,throttled=0x0,0.0,0.0,204
2026-07-07 14:17:02,unknown,1,160x120,30,0,24.8,28.9,29.5,23.1,20.4,3043.5,56.48,1800.0,throttled=0x0,0.0,0.0,205
2026-07-07 14:17:03,unknown,1,160x120,30,0,21.9,20.6,25.7,20.6,20.4,3042.3,55.5,1800.0,throttled=0x0,0.0,0.0,206
2026-07-07 14:17:04,unknown,1,160x120,30,0,21.4,22.7,21.7,19.0,23.5,3042.3,55.5,1800.0,throttled=0x0,0.0,0.0,207
2026-07-07 14:17:05,unknown,1,160x120,30,0,23.6,20.7,21.6,27.9,21.7,3041.6,55.5,1800.0,throttled=0x0,0.0,0.0,208
2026-07-07 14:17:06,unknown,1,160x120,30,0,25.0,28.3,27.7,19.8,25.2,3044.0,55.5,1800.0,throttled=0x0,0.0,0.0,209
2026-07-07 14:17:07,unknown,1,160x120,30,0,22.5,23.5,20.0,24.8,19.8,3044.2,55.5,1800.0,throttled=0x0,0.0,0.0,210
2026-07-07 14:17:08,unknown,1,160x120,30,0,20.8,27.3,17.0,20.2,21.4,3044.0,55.5,1800.0,throttled=0x0,0.0,0.0,211
2026-07-07 14:17:09,unknown,1,160x120,30,0,24.4,29.8,25.9,17.6,23.4,3043.0,55.5,1800.0,throttled=0x0,0.0,0.0,212
2026-07-07 14:17:10,unknown,1,160x120,30,0,19.7,26.0,18.1,18.4,16.3,3042.8,55.99,1800.0,throttled=0x0,0.0,0.0,213
2026-07-07 14:17:11,unknown,1,160x120,30,0,23.5,32.1,22.5,22.9,14.9,3043.7,55.5,1800.0,throttled=0x0,0.2,0.0,214
2026-07-07 14:17:12,unknown,1,160x120,30,0,26.9,44.6,19.4,19.2,20.6,3043.8,55.99,1800.0,throttled=0x0,0.0,0.0,215
2026-07-07 14:17:13,unknown,1,160x120,30,0,24.5,41.6,18.3,13.9,20.8,3043.5,55.02,1800.0,throttled=0x0,0.0,0.0,216
2026-07-07 14:17:14,unknown,1,160x120,30,0,22.1,27.8,18.4,22.3,18.6,3043.8,55.99,1800.0,throttled=0x0,0.0,0.0,217
2026-07-07 14:17:15,unknown,1,160x120,30,0,24.4,26.5,20.4,21.6,30.1,3044.1,55.5,1800.0,throttled=0x0,0.0,0.0,218
2026-07-07 14:17:16,unknown,1,160x120,30,0,25.1,26.3,22.4,27.4,25.0,3045.4,54.53,1800.0,throttled=0x0,0.0,0.0,219
2026-07-07 14:17:17,unknown,1,160x120,30,0,21.6,25.0,22.1,21.0,16.8,3045.5,55.99,1800.0,throttled=0x0,0.0,0.0,220
2026-07-07 14:17:18,unknown,1,160x120,30,0,21.1,23.2,18.3,22.3,21.0,3045.5,55.02,1800.0,throttled=0x0,0.0,0.0,221
2026-07-07 14:17:19,unknown,1,160x120,30,0,20.7,25.0,16.7,21.9,18.8,3045.6,55.5,1800.0,throttled=0x0,0.0,0.0,222
2026-07-07 14:17:21,unknown,1,160x120,30,0,23.8,30.3,24.1,21.7,20.8,3046.1,55.5,1800.0,throttled=0x0,0.0,0.0,223
2026-07-07 14:17:22,unknown,1,160x120,30,0,20.2,23.7,20.0,17.5,18.4,3046.3,55.5,1800.0,throttled=0x0,0.0,0.0,224
2026-07-07 14:17:23,unknown,1,160x120,30,0,23.6,29.4,23.6,21.0,21.3,3046.3,55.99,1800.0,throttled=0x0,0.0,0.0,225
2026-07-07 14:17:24,unknown,1,160x120,30,0,23.5,33.9,21.4,19.6,18.3,3045.5,55.99,1800.0,throttled=0x0,0.0,0.0,226
2026-07-07 14:17:25,unknown,1,160x120,30,0,24.1,31.4,20.4,19.2,25.7,3045.8,55.99,1800.0,throttled=0x0,0.0,0.0,227
2026-07-07 14:17:26,unknown,1,160x120,30,0,26.5,27.5,26.7,27.8,24.5,3045.7,55.5,1800.0,throttled=0x0,0.0,0.0,228
2026-07-07 14:17:27,unknown,1,160x120,30,0,21.8,31.4,16.3,20.0,22.9,3045.7,55.02,1800.0,throttled=0x0,0.0,0.0,229
2026-07-07 14:17:28,unknown,1,160x120,30,0,23.5,30.0,17.8,22.9,19.6,3045.5,56.48,1800.0,throttled=0x0,0.2,0.0,230
2026-07-07 14:17:29,unknown,1,160x120,30,0,28.6,34.7,18.8,41.5,20.4,3045.4,55.02,1800.0,throttled=0x0,0.0,0.0,231
2026-07-07 14:17:30,unknown,1,160x120,30,0,19.8,25.0,21.7,14.9,18.3,3045.4,56.48,1800.0,throttled=0x0,0.0,0.0,232
2026-07-07 14:17:31,unknown,1,160x120,30,0,23.7,25.8,23.1,22.2,23.6,3048.3,55.02,1800.0,throttled=0x0,0.0,0.0,233
2026-07-07 14:17:32,unknown,1,160x120,30,0,20.5,23.7,17.3,21.7,19.0,3048.3,55.02,1800.0,throttled=0x0,0.0,0.0,234
2026-07-07 14:17:33,unknown,1,160x120,30,0,22.2,26.5,22.1,18.3,21.4,3048.8,55.5,1800.0,throttled=0x0,0.0,0.0,235
2026-07-07 14:17:34,unknown,1,160x120,30,0,21.4,32.7,15.5,21.7,19.8,3049.1,55.5,1800.0,throttled=0x0,0.0,0.0,236
2026-07-07 14:17:35,unknown,1,160x120,30,0,23.9,32.3,24.3,20.4,16.7,3051.6,56.48,1800.0,throttled=0x0,0.0,0.0,237
2026-07-07 14:17:36,unknown,1,160x120,30,0,21.9,23.5,24.0,16.7,25.0,3051.2,55.99,1800.0,throttled=0x0,0.0,0.0,238
2026-07-07 14:17:37,unknown,1,160x120,30,0,21.0,20.8,26.0,14.9,20.8,3050.7,56.97,1800.0,throttled=0x0,0.0,0.0,239
2026-07-07 14:17:39,unknown,1,160x120,30,0,22.5,31.1,18.3,18.3,22.3,3050.0,56.48,1800.0,throttled=0x0,0.0,0.0,240
2026-07-07 14:17:40,unknown,1,160x120,30,0,20.6,25.5,20.0,17.5,20.2,3049.9,55.02,1800.0,throttled=0x0,0.0,0.0,241
2026-07-07 14:17:41,unknown,1,160x120,30,0,27.8,40.0,22.1,22.1,23.8,3049.5,55.02,1800.0,throttled=0x0,0.0,0.0,242
2026-07-07 14:17:42,unknown,1,160x120,30,0,26.1,42.6,18.7,23.3,16.7,3049.9,55.99,1800.0,throttled=0x0,0.0,0.0,243
2026-07-07 14:17:43,unknown,1,160x120,30,0,19.6,24.8,12.9,18.3,21.7,3049.9,55.99,1800.0,throttled=0x0,0.0,0.0,244
2026-07-07 14:17:44,unknown,1,160x120,30,0,36.5,39.0,35.2,39.4,33.0,3049.6,55.99,1800.0,throttled=0x0,0.0,0.0,245
2026-07-07 14:17:45,unknown,1,160x120,30,0,52.8,65.8,46.0,52.8,47.5,3025.3,55.99,1800.0,throttled=0x0,1.7,0.0,246
2026-07-07 14:17:46,unknown,1,160x120,30,0,22.3,24.0,21.9,21.4,21.9,3026.1,55.5,1800.0,throttled=0x0,0.0,0.0,247
2026-07-07 14:17:47,unknown,1,160x120,30,0,49.5,53.0,49.5,44.7,50.0,3009.3,56.48,1800.0,throttled=0x0,0.0,0.0,248
2026-07-07 14:17:48,unknown,1,160x120,30,0,19.0,31.7,13.5,16.5,15.8,3009.4,55.99,1800.0,throttled=0x0,0.0,0.0,249
2026-07-07 14:17:49,unknown,1,160x120,30,0,26.7,30.6,26.0,25.2,26.2,3007.6,55.99,1800.0,throttled=0x0,0.0,0.0,250
2026-07-07 14:17:50,unknown,1,160x120,30,0,22.9,29.4,17.0,21.2,23.3,3008.3,55.02,1800.0,throttled=0x0,0.0,0.0,251
2026-07-07 14:17:51,unknown,1,160x120,30,0,20.7,24.2,17.5,20.2,21.2,3007.6,55.02,1800.0,throttled=0x0,0.2,0.0,252
2026-07-07 14:17:52,unknown,1,160x120,30,0,20.6,22.2,21.7,18.4,19.4,3007.5,55.99,1800.0,throttled=0x0,0.0,0.0,253
2026-07-07 14:17:54,unknown,1,160x120,30,0,21.4,22.0,21.9,16.0,25.5,3006.4,55.02,1800.0,throttled=0x0,0.0,0.0,254
2026-07-07 14:17:55,unknown,1,160x120,30,0,21.5,24.0,19.6,20.4,21.9,3006.4,56.48,1800.0,throttled=0x0,0.0,0.0,255
2026-07-07 14:17:56,unknown,1,160x120,30,0,23.3,26.3,19.6,23.8,24.3,3007.1,55.5,1800.0,throttled=0x0,0.0,0.0,256
2026-07-07 14:17:57,unknown,1,160x120,30,0,20.5,22.4,20.4,15.8,21.2,3006.7,55.5,1800.0,throttled=0x0,0.0,0.0,257
2026-07-07 14:17:58,unknown,1,160x120,30,0,21.0,25.5,19.0,16.2,24.0,3006.1,55.99,1800.0,throttled=0x0,0.0,0.0,258
2026-07-07 14:17:59,unknown,1,160x120,30,0,24.3,29.1,22.3,24.3,22.3,3006.5,55.5,1800.0,throttled=0x0,0.2,0.0,259
2026-07-07 14:18:00,unknown,1,160x120,30,0,36.2,39.4,40.8,31.4,32.4,3009.5,56.48,1800.0,throttled=0x0,0.0,0.0,260
2026-07-07 14:18:01,unknown,1,160x120,30,0,24.6,27.7,21.9,24.3,26.6,3015.9,55.5,1800.0,throttled=0x0,0.0,0.0,261
2026-07-07 14:18:02,unknown,1,160x120,30,0,19.5,20.8,16.5,23.3,16.5,3016.1,55.99,1800.0,throttled=0x0,0.0,0.0,262
2026-07-07 14:18:03,unknown,1,160x120,30,0,18.5,23.7,19.2,15.7,15.8,3016.1,55.5,1800.0,throttled=0x0,0.0,0.0,263
2026-07-07 14:18:04,unknown,1,160x120,30,0,19.7,21.4,15.8,22.3,18.3,3016.6,55.5,1800.0,throttled=0x0,0.0,0.0,264
2026-07-07 14:18:05,unknown,1,160x120,30,0,21.0,22.4,19.4,22.9,20.8,3016.6,55.5,1800.0,throttled=0x0,0.5,0.0,265
2026-07-07 14:18:06,unknown,1,160x120,30,0,21.3,25.3,19.6,23.5,17.5,3018.1,55.5,1800.0,throttled=0x0,0.0,0.0,266
2026-07-07 14:18:07,unknown,1,160x120,30,0,19.5,28.3,13.7,19.2,16.2,3017.9,55.02,1800.0,throttled=0x0,0.0,0.0,267
2026-07-07 14:18:08,unknown,1,160x120,30,0,21.1,20.4,19.8,21.8,21.8,3016.0,55.5,1800.0,throttled=0x0,0.0,0.0,268
2026-07-07 14:18:09,unknown,1,160x120,30,0,43.3,45.0,43.9,37.2,47.0,3007.6,56.48,1800.0,throttled=0x0,0.0,0.0,269
2026-07-07 14:18:10,unknown,1,160x120,30,0,33.3,46.2,23.3,28.0,33.0,3007.7,56.48,1800.0,throttled=0x0,0.2,0.0,270
2026-07-07 14:18:12,unknown,1,160x120,30,0,23.3,32.1,21.2,20.8,18.1,3008.2,55.5,1800.0,throttled=0x0,0.0,0.0,271
2026-07-07 14:18:13,unknown,1,160x120,30,0,19.0,20.0,22.1,18.0,14.0,3008.1,55.5,1800.0,throttled=0x0,0.0,0.0,272
2026-07-07 14:18:14,unknown,1,160x120,30,0,39.8,29.0,48.5,46.7,35.5,3008.8,55.5,1800.0,throttled=0x0,0.0,0.0,273
2026-07-07 14:18:15,unknown,1,160x120,30,0,20.1,25.0,18.4,17.6,18.6,3008.9,56.48,1800.0,throttled=0x0,0.0,0.0,274
2026-07-07 14:18:16,unknown,1,160x120,30,0,23.5,27.1,21.4,20.6,25.2,3009.6,56.48,1800.0,throttled=0x0,0.0,0.0,275
2026-07-07 14:18:17,unknown,1,160x120,30,0,23.8,22.9,25.5,23.1,24.0,3009.1,55.5,1800.0,throttled=0x0,0.2,0.0,276
2026-07-07 14:18:18,unknown,1,160x120,30,0,19.7,23.2,17.6,19.4,18.4,3009.6,56.48,1800.0,throttled=0x0,0.0,0.0,277
2026-07-07 14:18:19,unknown,1,160x120,30,0,20.0,26.3,18.6,18.4,17.3,3009.6,55.02,1800.0,throttled=0x0,0.0,0.0,278
2026-07-07 14:18:20,unknown,1,160x120,30,0,19.8,23.0,19.8,16.8,19.6,3009.6,55.02,1800.0,throttled=0x0,0.0,0.0,279
2026-07-07 14:18:21,unknown,1,160x120,30,0,22.9,24.7,29.0,17.6,17.6,3011.1,54.53,1800.0,throttled=0x0,0.0,0.0,280
2026-07-07 14:18:22,unknown,1,160x120,30,0,19.1,23.6,23.1,16.5,14.6,3011.3,55.5,1800.0,throttled=0x0,0.0,0.0,281
2026-07-07 14:18:23,unknown,1,160x120,30,0,18.7,26.9,12.1,18.4,17.0,3010.8,55.5,1800.0,throttled=0x0,0.0,0.0,282
2026-07-07 14:18:24,unknown,1,160x120,30,0,19.7,23.0,19.0,17.3,20.4,3010.3,55.99,1800.0,throttled=0x0,0.0,0.0,283
2026-07-07 14:18:25,unknown,1,160x120,30,0,20.0,20.4,21.2,16.0,22.5,3009.7,55.5,1800.0,throttled=0x0,0.2,0.0,284
2026-07-07 14:18:26,unknown,1,160x120,30,0,23.6,23.2,23.1,21.4,25.0,3009.5,55.02,1800.0,throttled=0x0,0.0,0.0,285
2026-07-07 14:18:27,unknown,1,160x120,30,0,21.6,25.5,20.0,20.8,22.1,3009.4,55.5,1800.0,throttled=0x0,0.0,0.0,286
2026-07-07 14:18:28,unknown,1,160x120,30,0,24.5,23.8,25.0,25.7,22.9,3009.3,55.99,1800.0,throttled=0x0,0.0,0.0,287
2026-07-07 14:18:29,unknown,1,160x120,30,0,30.2,31.0,34.0,31.1,24.3,2999.8,55.02,1800.0,throttled=0x0,0.0,0.0,288
2026-07-07 14:18:30,unknown,1,160x120,30,0,22.6,24.2,23.1,23.5,20.2,2999.6,55.5,1800.0,throttled=0x0,0.0,0.0,289
2026-07-07 14:18:31,unknown,1,160x120,30,0,25.1,30.3,24.0,24.0,22.3,2999.9,56.48,1800.0,throttled=0x0,0.0,0.0,290
2026-07-07 14:18:33,unknown,1,160x120,30,0,19.3,22.2,20.2,21.4,13.6,2999.7,55.5,1800.0,throttled=0x0,0.0,0.0,291
2026-07-07 14:18:34,unknown,1,160x120,30,0,18.4,19.8,17.3,20.0,16.7,2999.7,55.99,1800.0,throttled=0x0,0.0,0.0,292
2026-07-07 14:18:35,unknown,1,160x120,30,0,19.6,18.8,17.5,16.7,24.3,3000.5,55.02,1800.0,throttled=0x0,0.2,0.0,293
2026-07-07 14:18:36,unknown,1,160x120,30,0,22.7,26.5,22.1,20.8,22.5,3003.0,55.02,1800.0,throttled=0x0,0.0,0.0,294
2026-07-07 14:18:37,unknown,1,160x120,30,0,21.9,26.0,18.4,24.8,17.6,3002.9,55.99,1800.0,throttled=0x0,0.0,0.0,295
2026-07-07 14:18:38,unknown,1,160x120,30,0,20.8,24.8,16.5,20.6,21.7,3003.6,55.5,1800.0,throttled=0x0,0.0,0.0,296
2026-07-07 14:18:39,unknown,1,160x120,30,0,23.3,34.1,22.5,17.3,18.4,3003.6,55.02,1800.0,throttled=0x0,0.0,0.0,297
2026-07-07 14:18:40,unknown,1,160x120,30,0,25.9,40.0,18.9,17.0,22.3,3002.9,55.02,1800.0,throttled=0x0,0.0,0.0,298
2026-07-07 14:18:41,unknown,1,160x120,30,0,22.8,25.7,18.3,19.2,27.1,3003.8,55.02,1800.0,throttled=0x0,0.0,0.0,299
2026-07-07 14:18:42,unknown,1,160x120,30,0,31.3,31.3,27.6,24.3,42.9,3003.4,55.02,1800.0,throttled=0x0,0.0,0.0,300
2026-07-07 14:18:43,unknown,1,160x120,30,0,19.8,20.0,20.0,16.2,21.9,3003.4,55.02,1800.0,throttled=0x0,0.0,0.0,301
2026-07-07 14:18:44,unknown,1,160x120,30,0,18.8,22.2,14.6,21.7,18.4,3003.1,55.02,1800.0,throttled=0x0,0.0,0.0,302
2026-07-07 14:18:45,unknown,1,160x120,30,0,39.9,35.8,42.7,45.7,33.7,3002.9,55.02,1800.0,throttled=0x0,0.0,0.0,303
2026-07-07 14:18:46,unknown,1,160x120,30,0,26.8,29.1,22.4,28.2,28.3,3004.1,55.99,1800.0,throttled=0x0,0.2,0.0,304
2026-07-07 14:18:47,unknown,1,160x120,30,0,25.2,28.9,26.9,23.6,21.2,3004.3,54.53,1000.0,throttled=0x0,0.0,0.0,305
2026-07-07 14:18:48,unknown,1,160x120,30,0,21.2,22.5,19.3,25.7,18.9,3004.3,55.5,1800.0,throttled=0x0,0.0,0.0,306
2026-07-07 14:18:49,unknown,1,160x120,30,0,20.8,25.3,16.8,21.9,17.9,3004.3,55.5,1800.0,throttled=0x0,0.0,0.0,307
2026-07-07 14:18:50,unknown,1,160x120,30,0,22.2,22.2,21.4,25.7,19.6,3005.2,55.5,1800.0,throttled=0x0,0.5,0.0,308
2026-07-07 14:18:52,unknown,1,160x120,30,0,20.7,26.0,18.3,19.2,19.8,3005.6,56.48,1800.0,throttled=0x0,0.0,0.0,309
2026-07-07 14:18:53,unknown,1,160x120,30,0,22.4,28.7,20.6,19.6,20.2,3005.1,55.99,1100.0,throttled=0x0,0.0,0.0,310
2026-07-07 14:18:54,unknown,1,160x120,30,0,21.1,27.7,25.7,17.0,15.2,3005.1,56.48,1800.0,throttled=0x0,0.0,0.0,311
2026-07-07 14:18:55,unknown,1,160x120,30,0,18.3,20.6,17.8,13.9,18.6,3005.1,55.99,1800.0,throttled=0x0,0.0,0.0,312
2026-07-07 14:18:56,unknown,1,160x120,30,0,23.8,29.0,22.5,23.8,23.6,3006.2,55.99,1800.0,throttled=0x0,0.0,0.0,313
2026-07-07 14:18:57,unknown,1,160x120,30,0,21.0,24.2,19.6,20.2,17.6,3006.5,55.02,1800.0,throttled=0x0,0.0,0.0,314
2026-07-07 14:18:58,unknown,1,160x120,30,0,20.5,28.0,17.8,20.6,15.7,3006.5,55.99,1800.0,throttled=0x0,0.0,0.0,315
2026-07-07 14:18:59,unknown,1,160x120,30,0,21.3,21.4,20.4,22.1,22.2,3006.5,55.5,1800.0,throttled=0x0,0.0,0.0,316
2026-07-07 14:19:00,unknown,1,160x120,30,0,20.6,18.3,14.1,23.6,25.7,3006.5,55.5,1800.0,throttled=0x0,0.0,0.0,317
2026-07-07 14:19:01,unknown,1,160x120,30,0,21.1,21.9,21.0,20.6,20.2,3008.2,55.99,1800.0,throttled=0x0,0.0,0.0,318
2026-07-07 14:19:02,unknown,1,160x120,30,0,20.0,18.8,18.3,18.1,24.0,3009.7,55.02,1800.0,throttled=0x0,0.0,0.0,319
2026-07-07 14:19:03,unknown,1,160x120,30,0,21.2,23.2,18.0,24.5,20.0,3008.7,55.5,1800.0,throttled=0x0,0.0,0.0,320
2026-07-07 14:19:04,unknown,1,160x120,30,0,20.5,20.4,21.8,20.0,19.0,3008.7,56.48,1800.0,throttled=0x0,0.0,0.0,321
2026-07-07 14:19:05,unknown,1,160x120,30,0,17.7,17.5,20.6,15.7,18.6,3007.1,56.48,1800.0,throttled=0x0,0.0,0.0,322
2026-07-07 14:19:06,unknown,1,160x120,30,0,24.3,33.7,22.9,22.1,17.6,3008.0,55.5,1800.0,throttled=0x0,0.0,0.0,323
2026-07-07 14:19:07,unknown,1,160x120,30,0,20.7,30.6,13.6,22.5,15.2,3007.2,55.5,1800.0,throttled=0x0,0.0,0.0,324
2026-07-07 14:19:08,unknown,1,160x120,30,0,26.0,42.1,24.3,18.9,14.9,3006.4,55.5,1800.0,throttled=0x0,0.4,0.0,325
2026-07-07 14:19:09,unknown,1,160x120,30,0,26.0,39.7,24.1,19.6,18.3,3006.2,55.02,1800.0,throttled=0x0,0.0,0.0,326
2026-07-07 14:19:11,unknown,1,160x120,30,0,21.8,21.4,20.8,21.0,24.8,3008.2,55.5,1800.0,throttled=0x0,0.0,0.0,327
2026-07-07 14:19:12,unknown,1,160x120,30,0,20.1,21.1,20.2,17.9,22.0,3008.4,55.99,1800.0,throttled=0x0,0.0,0.0,328
2026-07-07 14:19:13,unknown,1,160x120,30,0,21.0,25.3,18.1,19.8,21.0,3008.6,55.99,1800.0,throttled=0x0,0.0,0.0,329
2026-07-07 14:19:14,unknown,1,160x120,30,0,33.5,29.8,32.0,36.2,35.0,3007.9,56.48,1800.0,throttled=0x0,0.0,0.0,330
2026-07-07 14:19:15,unknown,1,160x120,30,0,40.2,44.4,39.2,39.7,37.0,3008.7,55.02,1800.0,throttled=0x0,0.0,0.0,331
2026-07-07 14:19:16,unknown,1,160x120,30,0,22.0,30.0,19.2,16.2,23.9,3009.2,55.5,1800.0,throttled=0x0,0.0,0.0,332
2026-07-07 14:19:17,unknown,1,160x120,30,0,19.4,24.0,14.6,18.6,20.4,3008.3,55.5,1800.0,throttled=0x0,0.0,0.0,333
2026-07-07 14:19:18,unknown,1,160x120,30,0,19.3,18.9,15.8,20.4,21.2,3007.2,55.5,1800.0,throttled=0x0,0.0,0.0,334
2026-07-07 14:19:19,unknown,1,160x120,30,0,24.6,30.1,21.9,25.0,21.8,3006.9,56.48,1800.0,throttled=0x0,0.0,0.0,335
2026-07-07 14:19:20,unknown,1,160x120,30,0,21.2,28.8,14.3,17.0,25.0,3006.5,55.99,1800.0,throttled=0x0,0.0,0.0,336
2026-07-07 14:19:21,unknown,1,160x120,30,0,24.0,30.7,23.1,17.5,23.3,3007.2,55.02,1800.0,throttled=0x0,0.2,0.0,337
2026-07-07 14:19:22,unknown,1,160x120,30,0,20.3,21.0,14.7,23.8,22.2,3006.8,56.48,1800.0,throttled=0x0,0.0,0.0,338
2026-07-07 14:19:23,unknown,1,160x120,30,0,17.5,21.9,15.4,12.9,21.0,3006.7,55.99,1800.0,throttled=0x0,0.0,0.0,339
2026-07-07 14:19:24,unknown,1,160x120,30,0,19.9,31.4,16.3,15.0,16.8,3006.7,56.48,1200.0,throttled=0x0,0.0,0.0,340
2026-07-07 14:19:26,unknown,1,160x120,30,0,24.7,28.4,26.2,21.9,22.6,3008.1,55.5,1800.0,throttled=0x0,0.0,0.0,341
2026-07-07 14:19:27,unknown,1,160x120,30,0,20.8,22.0,13.9,21.4,23.6,3008.2,55.02,1800.0,throttled=0x0,0.0,0.0,342
2026-07-07 14:19:28,unknown,1,160x120,30,0,18.4,18.1,17.5,23.8,16.2,3007.9,55.99,1800.0,throttled=0x0,0.0,0.0,343
2026-07-07 14:19:29,unknown,1,160x120,30,0,30.7,38.4,38.2,20.8,24.8,3007.8,56.48,1800.0,throttled=0x0,0.0,0.0,344
2026-07-07 14:19:30,unknown,1,160x120,30,0,26.1,28.9,21.6,27.4,27.2,3010.2,55.5,1800.0,throttled=0x0,0.2,0.0,345
2026-07-07 14:19:31,unknown,1,160x120,30,0,28.9,33.3,27.4,22.6,31.4,3019.6,55.99,1800.0,throttled=0x0,0.0,0.0,346
2026-07-07 14:19:32,unknown,1,160x120,30,0,49.0,55.0,45.8,48.1,47.1,3020.9,55.5,1800.0,throttled=0x0,0.0,0.0,347
2026-07-07 14:19:33,unknown,1,160x120,30,0,40.2,42.6,36.3,41.7,40.2,2972.1,55.99,1800.0,throttled=0x0,0.0,0.0,348
2026-07-07 14:19:34,unknown,1,160x120,30,0,16.6,17.0,14.3,13.5,21.9,2968.9,55.5,1800.0,throttled=0x0,0.0,0.0,349
2026-07-07 14:19:35,unknown,1,160x120,30,0,38.8,38.8,38.5,42.1,35.5,2968.2,57.45,1800.0,throttled=0x0,0.0,0.0,350
2026-07-07 14:19:36,unknown,1,160x120,30,0,44.4,55.8,39.4,39.2,42.6,2968.7,56.97,1800.0,throttled=0x0,0.0,0.0,351
2026-07-07 14:19:37,unknown,1,160x120,30,0,63.1,72.3,59.4,59.8,59.8,2975.8,57.45,1800.0,throttled=0x0,0.0,0.0,352
2026-07-07 14:19:38,unknown,1,160x120,30,0,70.1,80.6,61.8,70.5,65.2,2980.0,56.97,1800.0,throttled=0x0,0.0,0.0,353
2026-07-07 14:19:40,unknown,1,160x120,30,0,42.8,39.4,41.7,56.3,33.9,2984.7,55.99,1800.0,throttled=0x0,0.5,0.0,354
2026-07-07 14:19:41,unknown,1,160x120,30,0,60.6,94.5,56.0,43.5,47.6,2983.2,56.97,1800.0,throttled=0x0,2.2,0.0,355
2026-07-07 14:19:42,unknown,1,160x120,30,0,70.1,65.0,61.5,90.0,64.5,2987.0,58.43,1800.0,throttled=0x0,3.7,0.0,356
2026-07-07 14:19:43,unknown,1,160x120,30,0,89.7,84.6,84.8,97.2,92.5,2998.1,58.91,1800.0,throttled=0x0,3.0,0.0,357
2026-07-07 14:19:44,unknown,1,160x120,30,0,85.9,88.8,83.3,77.8,92.7,3015.3,58.91,1800.0,throttled=0x0,0.0,0.0,358
2026-07-07 14:19:45,unknown,1,160x120,30,0,64.0,53.9,49.5,55.7,96.3,3041.1,57.94,1800.0,throttled=0x0,0.0,0.0,359
2026-07-07 14:19:46,unknown,1,160x120,30,0,74.7,73.6,62.4,66.4,95.4,3052.3,58.91,1800.0,throttled=0x0,0.2,0.0,360
2026-07-07 14:19:47,unknown,1,160x120,30,0,78.2,76.6,67.8,68.2,98.3,3064.7,57.94,1800.0,throttled=0x0,0.0,0.0,361
2026-07-07 14:19:49,unknown,1,160x120,30,0,76.2,97.3,66.3,67.6,72.2,3067.1,59.4,1800.0,throttled=0x0,0.2,0.0,362
2026-07-07 14:19:50,unknown,1,160x120,30,0,92.7,95.5,93.9,92.0,89.3,3075.5,59.4,1800.0,throttled=0x0,0.0,0.0,363
2026-07-07 14:19:51,unknown,1,160x120,30,0,92.1,90.7,91.1,91.0,96.5,3088.2,58.91,1800.0,throttled=0x0,0.0,0.0,364
2026-07-07 14:19:52,unknown,1,160x120,30,0,92.0,89.3,93.2,87.8,99.1,3120.4,60.37,1800.0,throttled=0x0,0.2,0.0,365
2026-07-07 14:19:53,unknown,1,160x120,30,0,76.4,89.3,78.6,68.7,67.8,3126.0,61.35,1800.0,throttled=0x0,0.7,0.0,366
2026-07-07 14:19:54,unknown,1,160x120,30,0,77.5,90.6,65.7,73.8,79.4,3122.0,60.37,1800.0,throttled=0x0,0.0,0.0,367
2026-07-07 14:19:55,unknown,1,160x120,30,0,89.1,92.2,91.2,88.3,85.1,3113.3,61.35,1800.0,throttled=0x0,0.0,0.0,368
2026-07-07 14:19:56,unknown,1,160x120,30,0,65.0,68.6,55.0,74.3,61.1,3124.2,60.37,1800.0,throttled=0x0,1.4,0.0,369
2026-07-07 14:19:58,unknown,1,160x120,30,0,68.9,64.4,60.0,61.5,90.5,3134.1,60.37,1800.0,throttled=0x0,0.7,0.0,370
2026-07-07 14:19:59,unknown,1,160x120,30,0,74.4,87.3,60.2,73.8,74.3,3124.9,59.4,1800.0,throttled=0x0,5.6,0.0,371
2026-07-07 14:20:00,unknown,1,160x120,30,0,75.9,72.3,66.1,69.1,97.6,3126.7,61.35,1800.0,throttled=0x0,0.2,0.0,372
2026-07-07 14:20:01,unknown,1,160x120,30,0,64.1,55.1,48.0,50.9,100.0,3132.1,59.4,1800.0,throttled=0x0,0.5,0.0,373
2026-07-07 14:20:02,unknown,1,160x120,30,0,50.0,34.0,34.0,30.1,100.0,3142.5,59.4,1800.0,throttled=0x0,0.0,0.0,374
2026-07-07 14:20:03,unknown,1,160x120,30,0,80.0,92.4,76.3,76.5,74.8,3155.7,61.35,1800.0,throttled=0x0,2.6,0.0,375
2026-07-07 14:20:04,unknown,1,160x120,30,0,76.5,74.7,85.4,71.6,74.0,3143.6,60.37,1800.0,throttled=0x0,3.3,0.0,376
2026-07-07 14:20:06,unknown,1,160x120,30,0,63.9,67.8,64.7,58.5,64.7,3074.2,61.35,1800.0,throttled=0x0,2.8,0.0,377
2026-07-07 14:20:07,unknown,1,160x120,30,0,74.0,86.0,66.7,69.7,71.9,3071.0,60.86,1800.0,throttled=0x0,0.0,0.0,378
2026-07-07 14:20:08,unknown,1,160x120,30,0,58.2,64.2,59.6,56.5,50.0,3072.2,61.84,1800.0,throttled=0x0,5.6,0.0,379
2026-07-07 14:20:09,unknown,1,160x120,30,0,54.0,74.3,44.2,54.3,45.0,3076.6,61.35,1800.0,throttled=0x0,5.4,0.0,380
2026-07-07 14:20:10,unknown,1,160x120,30,0,75.8,73.5,63.4,93.5,70.9,3072.7,60.86,1800.0,throttled=0x0,0.2,0.0,381
2026-07-07 14:20:11,unknown,1,160x120,30,0,74.4,94.5,64.3,70.8,67.6,3064.9,60.37,1800.0,throttled=0x0,0.5,0.0,382
2026-07-07 14:20:12,unknown,1,160x120,30,0,67.9,60.7,90.0,59.3,61.6,3080.5,60.86,1800.0,throttled=0x0,0.0,0.0,383
2026-07-07 14:20:13,unknown,1,160x120,30,0,75.3,80.2,74.6,78.9,67.6,3074.5,62.32,1800.0,throttled=0x0,4.4,0.0,384
2026-07-07 14:20:14,unknown,1,160x120,30,0,52.7,47.9,44.8,81.0,35.8,3066.1,60.37,1800.0,throttled=0x0,31.8,0.0,385
2026-07-07 14:20:16,unknown,1,160x120,30,0,74.4,86.9,67.0,74.1,72.0,3068.0,61.35,1800.0,throttled=0x0,5.0,0.0,386
2026-07-07 14:20:17,unknown,1,160x120,30,0,65.8,62.0,94.6,55.0,50.5,3062.9,61.84,1800.0,throttled=0x0,0.0,0.0,387
2026-07-07 14:20:18,unknown,1,160x120,30,0,77.1,71.2,75.7,88.3,72.3,3067.4,60.86,1800.0,throttled=0x0,0.2,0.0,388
2026-07-07 14:20:19,unknown,1,160x120,30,0,37.0,38.5,37.7,35.5,37.4,3066.8,59.89,1800.0,throttled=0x0,0.0,0.0,389
2026-07-07 14:20:20,unknown,1,160x120,30,0,42.6,49.0,40.2,39.6,41.7,3067.1,60.86,1800.0,throttled=0x0,0.0,0.0,390
2026-07-07 14:20:21,unknown,1,160x120,30,0,45.5,49.1,47.8,41.1,44.7,3067.2,60.37,1800.0,throttled=0x0,0.0,0.0,391
2026-07-07 14:20:22,unknown,1,160x120,30,0,34.3,40.2,29.1,35.2,32.4,3060.3,60.86,1800.0,throttled=0x0,0.0,0.0,392
2026-07-07 14:20:23,unknown,1,160x120,30,0,24.6,29.9,22.4,22.4,24.3,3040.7,60.37,1800.0,throttled=0x0,0.0,0.0,393
2026-07-07 14:20:24,unknown,1,160x120,30,0,49.1,57.1,47.1,42.2,50.0,3029.7,58.43,1800.0,throttled=0x0,0.2,0.0,394
2026-07-07 14:20:25,unknown,1,160x120,30,0,65.6,70.9,58.0,68.9,64.7,3033.6,59.89,1800.0,throttled=0x0,0.2,0.0,395
2026-07-07 14:20:26,unknown,1,160x120,30,0,79.8,83.8,83.9,76.1,76.3,3038.7,60.86,1800.0,throttled=0x0,1.6,0.0,396
2026-07-07 14:20:28,unknown,1,160x120,30,0,72.0,71.8,67.3,78.9,70.4,3040.5,61.35,1800.0,throttled=0x0,3.9,0.0,397
2026-07-07 14:20:29,unknown,1,160x120,30,0,73.2,75.7,70.5,72.8,71.2,3040.1,61.84,1800.0,throttled=0x0,0.9,0.0,398
2026-07-07 14:20:30,unknown,1,160x120,30,0,81.1,82.1,76.8,83.1,82.8,3040.6,61.84,1800.0,throttled=0x0,0.7,0.0,399
2026-07-07 14:20:31,unknown,1,160x120,30,0,74.9,75.5,68.5,85.6,71.4,3042.2,61.84,1800.0,throttled=0x0,0.7,0.0,400
2026-07-07 14:20:32,unknown,1,160x120,30,0,68.9,69.6,52.4,95.4,56.6,3039.7,61.84,1800.0,throttled=0x0,0.0,0.0,401
2026-07-07 14:20:33,unknown,1,160x120,30,0,71.3,67.6,64.8,87.6,64.4,3041.7,61.35,1800.0,throttled=0x0,0.9,0.0,402
2026-07-07 14:20:34,unknown,1,160x120,30,0,44.4,48.1,50.0,41.9,38.7,3044.1,61.84,1800.0,throttled=0x0,0.0,0.0,403
2026-07-07 14:20:35,unknown,1,160x120,30,0,68.0,74.2,63.6,67.3,63.9,3045.8,61.35,1800.0,throttled=0x0,0.0,0.0,404
2026-07-07 14:20:36,unknown,1,160x120,30,0,51.6,60.6,45.5,53.8,46.5,3048.6,61.35,1800.0,throttled=0x0,0.0,0.0,405
2026-07-07 14:20:37,unknown,1,160x120,30,0,47.5,56.4,37.6,49.1,45.8,3047.6,60.37,1800.0,throttled=0x0,0.0,0.0,406
2026-07-07 14:20:38,unknown,1,160x120,30,0,71.4,75.5,79.4,61.0,69.9,3030.6,62.32,1800.0,throttled=0x0,0.0,0.0,407
2026-07-07 14:20:39,unknown,1,160x120,30,0,30.9,27.8,33.6,29.6,31.4,3035.1,61.35,1800.0,throttled=0x0,0.0,0.0,408
2026-07-07 14:20:41,unknown,1,160x120,30,0,21.6,20.8,21.8,18.4,24.3,3037.5,60.37,1800.0,throttled=0x0,0.0,0.0,409
2026-07-07 14:20:42,unknown,1,160x120,30,0,23.4,24.2,28.3,21.4,20.2,3038.2,60.37,1800.0,throttled=0x0,0.0,0.0,410
2026-07-07 14:20:43,unknown,1,160x120,30,0,19.7,19.4,13.7,21.6,22.3,3039.9,59.4,1800.0,throttled=0x0,0.0,0.0,411
2026-07-07 14:20:44,unknown,1,160x120,30,0,30.2,25.8,31.1,31.4,35.3,3031.3,58.43,1800.0,throttled=0x0,0.7,0.0,412
2026-07-07 14:20:45,unknown,1,160x120,30,0,24.8,30.7,21.0,26.2,20.2,3031.7,60.37,1800.0,throttled=0x0,0.0,0.0,413
2026-07-07 14:20:46,unknown,1,160x120,30,0,35.8,31.9,40.8,37.1,32.7,3036.7,60.37,1800.0,throttled=0x0,4.2,0.0,414
2026-07-07 14:20:47,unknown,1,160x120,30,0,50.6,73.6,40.2,50.0,37.5,3037.6,60.37,1800.0,throttled=0x0,4.2,0.0,415
2026-07-07 14:20:48,unknown,1,160x120,30,0,50.2,64.4,42.3,40.0,53.5,3031.6,59.89,1800.0,throttled=0x0,0.0,0.0,416
2026-07-07 14:20:49,unknown,1,160x120,30,0,53.9,59.6,42.5,60.2,53.8,3033.5,59.4,1800.0,throttled=0x0,0.0,0.0,417
2026-07-07 14:20:50,unknown,1,160x120,30,0,33.1,28.3,37.7,37.1,28.8,3037.6,59.89,1800.0,throttled=0x0,0.0,0.0,418
2026-07-07 14:20:51,unknown,1,160x120,30,0,47.9,52.0,47.0,44.6,47.6,3040.3,60.86,1800.0,throttled=0x0,0.0,0.0,419
2026-07-07 14:20:52,unknown,1,160x120,30,0,53.6,56.9,57.5,48.6,52.3,3042.1,59.89,1800.0,throttled=0x0,0.7,0.0,420
2026-07-07 14:20:53,unknown,1,160x120,30,0,68.4,67.3,72.5,70.6,62.6,3044.7,60.86,1800.0,throttled=0x0,0.0,0.0,421
2026-07-07 14:20:54,unknown,1,160x120,30,0,62.2,62.3,68.5,56.0,63.1,3031.9,59.4,1800.0,throttled=0x0,0.0,0.0,422
2026-07-07 14:20:55,unknown,1,160x120,30,0,31.3,43.0,26.7,26.2,28.4,3032.1,60.86,1800.0,throttled=0x0,0.0,0.0,423
2026-07-07 14:20:56,unknown,1,160x120,30,0,42.4,52.0,40.0,44.8,33.0,3038.6,59.4,1800.0,throttled=0x0,0.0,0.0,424
2026-07-07 14:20:58,unknown,1,160x120,30,0,43.7,52.0,36.9,47.6,39.0,3038.3,60.37,1800.0,throttled=0x0,0.2,0.0,425
2026-07-07 14:20:59,unknown,1,160x120,30,0,35.9,38.1,41.0,31.7,33.3,3035.2,59.4,1800.0,throttled=0x0,0.0,0.0,426
2026-07-07 14:21:00,unknown,1,160x120,30,0,47.2,57.6,43.7,40.4,48.0,3034.3,60.37,1800.0,throttled=0x0,0.0,0.0,427
2026-07-07 14:21:01,unknown,1,160x120,30,0,56.5,65.4,44.1,55.7,60.6,3032.1,59.89,1800.0,throttled=0x0,0.0,0.0,428
2026-07-07 14:21:02,unknown,1,160x120,30,0,44.5,42.5,40.5,43.0,50.0,3030.8,60.86,1800.0,throttled=0x0,2.2,0.0,429
2026-07-07 14:21:03,unknown,1,160x120,30,0,23.5,29.8,14.1,22.9,29.8,3030.3,58.91,1800.0,throttled=0x0,0.0,0.0,430
2026-07-07 14:21:04,unknown,1,160x120,30,0,25.5,36.4,19.0,21.4,22.3,3029.3,60.37,1800.0,throttled=0x0,0.0,0.0,431
2026-07-07 14:21:05,unknown,1,160x120,30,0,44.0,58.2,35.8,36.9,40.4,3024.2,60.37,1800.0,throttled=0x0,0.0,0.0,432
2026-07-07 14:21:06,unknown,1,160x120,30,0,13.8,19.3,12.5,10.8,10.9,3023.0,59.4,1800.0,throttled=0x0,0.0,0.0,433
2026-07-07 14:21:07,unknown,1,160x120,30,0,10.9,3.2,24.0,6.9,8.8,3024.1,58.43,1800.0,throttled=0x0,0.0,0.0,434
2026-07-07 14:21:08,unknown,1,160x120,30,0,4.4,4.1,3.9,3.8,6.8,3024.3,58.43,1800.0,throttled=0x0,0.2,0.0,435
2026-07-07 14:21:09,unknown,1,160x120,30,0,22.2,24.0,20.8,20.4,24.8,3020.8,58.91,1800.0,throttled=0x0,0.0,0.0,436
2026-07-07 14:21:10,unknown,1,160x120,30,0,58.0,58.4,51.8,55.9,66.1,3023.0,59.4,1800.0,throttled=0x0,0.0,0.0,437
2026-07-07 14:21:11,unknown,1,160x120,30,0,23.8,27.0,26.0,20.2,21.4,3024.5,58.43,1800.0,throttled=0x0,0.0,0.0,438
2026-07-07 14:21:12,unknown,1,160x120,30,0,10.6,14.1,12.6,8.8,6.9,3024.6,58.43,1800.0,throttled=0x0,0.0,0.0,439
2026-07-07 14:21:14,unknown,1,160x120,30,0,35.1,33.0,36.6,38.5,32.0,3025.2,58.91,1800.0,throttled=0x0,0.2,0.0,440
2026-07-07 14:21:15,unknown,1,160x120,30,0,24.4,34.7,16.5,22.9,24.8,3024.5,58.91,1800.0,throttled=0x0,0.0,0.0,441
2026-07-07 14:21:16,unknown,1,160x120,30,0,28.0,32.7,27.4,26.2,24.2,3027.9,58.91,1800.0,throttled=0x0,0.0,0.0,442
